{
  "final_metrics": {
    "accuracy": 0.5,
    "f1": 0.0,
    "precision": 0.0,
    "recall": 0.0,
    "auc": 0.8400000000000001,
    "confusion_matrix": [
      [
        5,
        0
      ],
      [
        5,
        0
      ]
    ]
  },
  "training_history": {
    "train_losses": [
      0.7000947237014771,
      0.5972690880298615,
      0.646152651309967,
      0.5435245633125305,
      0.6502271711826324,
      0.5506625235080719,
      0.5431042790412903,
      0.5442748606204987
    ],
    "val_losses": [
      0.9579099416732788,
      0.7778191864490509,
      0.8570867478847504,
      0.8887715935707092,
      1.2097554206848145,
      0.8673397898674011,
      1.048043966293335,
      0.9697071313858032
    ],
    "train_f1s": [
      0.36363636363636365,
      0.0,
      0.0,
      0.0,
      0.15384615384615385,
      0.4,
      0.6,
      0.6
    ],
    "val_f1s": [
      0.0,
      0.0,
      0.0,
      0.0,
      0.0,
      0.0,
      0.0,
      0.0
    ]
  },
  "model_config": {
    "text_dim": 128,
    "image_dim": 2048,
    "hidden_dim": 256
  }
}