{
  "final_metrics": {
    "accuracy": 0.4666666666666667,
    "f1": 0.6097560975609756,
    "precision": 0.43859649122807015,
    "recall": 1.0,
    "auc": 0.44114285714285717,
    "confusion_matrix": [
      [
        3,
        32
      ],
      [
        0,
        25
      ]
    ]
  },
  "training_history": {
    "train_losses": [
      8.409183430671693,
      8.412933707237244,
      8.386714029312134,
      8.378416156768798,
      8.365371584892273,
      8.382218742370606,
      8.478920662403107,
      8.669060635566712,
      8.438545107841492,
      7.9301792025566105,
      6.97081937789917,
      6.212289953231812,
      5.86114786863327,
      5.697936761379242,
      5.621925151348114,
      5.51353417634964,
      5.398981273174286,
      5.278131520748138
    ],
    "val_losses": [
      0.6938391983509063,
      0.6903386890888215,
      0.6940119564533234,
      0.6963081300258637,
      0.7296577632427216,
      0.7049597203731537,
      0.9800806403160095,
      0.6929502785205841,
      1.6551515489816666,
      0.7044788479804993,
      0.6928597807884216,
      0.6991535305976868,
      0.7085121452808381,
      0.7093390822410583,
      0.7078039944171906,
      0.6931702375411988,
      0.7039268553256989,
      0.7039750158786774
    ],
    "train_f1s": [
      0.16058394160583941,
      0.273224043715847,
      0.3448275862068966,
      0.4608695652173913,
      0.5570469798657718,
      0.6572237960339944,
      0.558303886925795,
      0.6404833836858006,
      0.47104247104247104,
      0.6426426426426426,
      0.5581395348837209,
      0.4868913857677903,
      0.6060606060606061,
      0.6588921282798834,
      0.6097560975609756,
      0.5969230769230769,
      0.5901639344262295,
      0.6550724637681159
    ],
    "val_f1s": [
      0.0,
      0.4,
      0.6097560975609756,
      0.5882352941176471,
      0.5882352941176471,
      0.5882352941176471,
      0.5882352941176471,
      0.5882352941176471,
      0.5882352941176471,
      0.5882352941176471,
      0.5882352941176471,
      0.5882352941176471,
      0.5882352941176471,
      0.5882352941176471,
      0.5882352941176471,
      0.5882352941176471,
      0.5882352941176471,
      0.5882352941176471
    ]
  },
  "model_config": {
    "ensemble_size": 3,
    "text_dim": 768,
    "image_dim": 2048,
    "hidden_dim": 512,
    "n_heads": 8,
    "n_layers": 4,
    "dropout": 0.2
  }
}