{
  "final_metrics": {
    "accuracy": 0.7,
    "f1": 0.4,
    "precision": 1.0,
    "recall": 0.25,
    "auc": 0.375,
    "confusion_matrix": [
      [
        6,
        0
      ],
      [
        3,
        1
      ]
    ]
  },
  "training_history": {
    "train_losses": [
      3.0633997321128845,
      3.0127792716026307,
      2.9531715989112852,
      2.9729096055030824,
      3.038456916809082,
      3.006367802619934,
      3.092349636554718,
      3.142547142505646,
      3.18226318359375,
      3.2517310619354247,
      3.669605576992035,
      3.392286229133606,
      3.3378523111343386,
      3.3728694796562193,
      3.2346839427948,
      3.0725316405296326,
      2.7786094188690185,
      2.8257647156715393,
      2.860702669620514,
      2.6642157793045045,
      2.6775948762893678,
      2.5478384613990785,
      2.815263199806213,
      2.563719165325165,
      2.8944416761398317,
      2.699678087234497,
      2.6720588207244873,
      2.452516162395477,
      2.8749242782592774,
      2.5528312802314757,
      2.588792860507965,
      2.395332133769989,
      2.5141692996025085,
      2.999941182136536,
      2.663612151145935,
      2.5172069787979128,
      2.89913432598114,
      2.753380560874939,
      2.4207226753234865,
      2.517739737033844,
      2.199497866630554,
      2.490544247627258
    ],
    "val_losses": [
      0.7067578673362732,
      0.7214311182498931,
      0.7884486973285675,
      0.8594083517789841,
      0.967588210105896,
      1.025020384788513,
      1.1844594091176988,
      1.2868243783712388,
      1.5176410168409347,
      1.8919318176805973,
      2.263196824491024,
      1.9241919979453086,
      1.956126683205366,
      2.322342053987086,
      2.33778224484995,
      1.8370720714330673,
      1.9483238466084003,
      2.03243593275547,
      2.2703498270362616,
      2.3732873156666754,
      2.309386393427849,
      2.495624604052864,
      3.433295883983374,
      3.8906675666046793,
      3.9213290514890105,
      3.5680875056481454,
      3.7509645912519773,
      4.346222478142044,
      5.576787264179439,
      5.197970843093936,
      5.224283242220008,
      5.154099546803627,
      4.919994723789841,
      4.646521794795672,
      4.268855941294987,
      5.077680265902882,
      7.241869175434113,
      6.339614176748728,
      5.460611486430935,
      5.140387558899784,
      4.979748404782731,
      5.399080610260171
    ],
    "train_f1s": [
      0.45454545454545453,
      0.2222222222222222,
      0.0,
      0.0,
      0.0,
      0.0,
      0.0,
      0.0,
      0.0,
      0.0,
      0.0,
      0.0,
      0.0,
      0.0,
      0.0,
      0.0,
      0.26666666666666666,
      0.47058823529411764,
      0.14285714285714285,
      0.7272727272727273,
      0.8,
      0.8888888888888888,
      0.7619047619047619,
      0.8333333333333334,
      0.7619047619047619,
      0.8181818181818182,
      0.8275862068965517,
      0.9166666666666666,
      0.8,
      0.8571428571428571,
      0.9230769230769231,
      0.9166666666666666,
      0.88,
      0.7,
      0.8181818181818182,
      0.9230769230769231,
      0.7692307692307693,
      0.7096774193548387,
      0.9230769230769231,
      0.9230769230769231,
      1.0,
      0.8695652173913043
    ],
    "val_f1s": [
      0.0,
      0.0,
      0.0,
      0.0,
      0.0,
      0.0,
      0.0,
      0.0,
      0.0,
      0.0,
      0.0,
      0.0,
      0.0,
      0.0,
      0.0,
      0.0,
      0.4,
      0.4,
      0.4,
      0.3333333333333333,
      0.3333333333333333,
      0.3333333333333333,
      0.2857142857142857,
      0.0,
      0.0,
      0.2857142857142857,
      0.3333333333333333,
      0.4,
      0.2857142857142857,
      0.2857142857142857,
      0.0,
      0.2857142857142857,
      0.0,
      0.0,
      0.3333333333333333,
      0.0,
      0.2222222222222222,
      0.2857142857142857,
      0.0,
      0.0,
      0.3333333333333333,
      0.0
    ]
  },
  "model_config": {
    "text_dim": 768,
    "image_dim": 2048,
    "hidden_dim": 512,
    "n_heads": 8,
    "n_layers": 4,
    "dropout": 0.1
  }
}