{
  "final_metrics": {
    "accuracy": 0.4,
    "f1": 0.4,
    "precision": 1.0,
    "recall": 0.25,
    "auc": 0.4375,
    "confusion_matrix": [
      [
        2,
        0
      ],
      [
        6,
        2
      ]
    ]
  },
  "training_history": {
    "train_losses": [
      2.6607460021972655,
      2.739830660820007,
      2.74250864982605,
      2.548494815826416,
      2.3388612508773803,
      2.4362507104873656,
      2.4437585830688477,
      2.382993197441101,
      2.2009671926498413,
      2.36243999004364,
      2.372861075401306,
      2.5000776052474976,
      2.580878734588623,
      2.3313921213150026,
      2.3899733066558837,
      2.396313452720642,
      2.1928719758987425,
      2.255177116394043,
      2.3060294151306153,
      2.2896271705627442,
      2.358428478240967,
      2.2596246242523192,
      2.2443616151809693,
      2.261227583885193,
      2.316438674926758
    ],
    "val_losses": [
      2.216874043146769,
      2.864945967992147,
      2.596601963043213,
      1.5141128698984783,
      2.307174881299337,
      4.035096963246663,
      4.843210538228353,
      2.0688122113545737,
      4.112736940383911,
      5.263314167658488,
      5.833908557891846,
      7.6791911125183105,
      8.836809317270914,
      8.168918291727701,
      6.148799101511638,
      6.263744831085205,
      7.139158884684245,
      7.353076299031575,
      6.225872834523519,
      6.055754025777181,
      7.173166910807292,
      6.820354620615642,
      6.754752000172933,
      7.679843107859294,
      7.669442017873128
    ],
    "train_f1s": [
      0.0,
      0.0,
      0.0,
      0.0,
      0.75,
      0.3333333333333333,
      0.6153846153846154,
      0.8,
      0.9411764705882353,
      0.875,
      0.9411764705882353,
      0.875,
      0.875,
      0.9411764705882353,
      0.875,
      0.875,
      0.9411764705882353,
      0.9411764705882353,
      0.9411764705882353,
      0.9411764705882353,
      0.875,
      0.875,
      0.9411764705882353,
      0.9411764705882353,
      0.9411764705882353
    ],
    "val_f1s": [
      0.0,
      0.0,
      0.0,
      0.2,
      0.0,
      0.0,
      0.0,
      0.3333333333333333,
      0.2222222222222222,
      0.4,
      0.4,
      0.2222222222222222,
      0.0,
      0.0,
      0.4,
      0.4,
      0.2222222222222222,
      0.0,
      0.2222222222222222,
      0.4,
      0.36363636363636365,
      0.4,
      0.36363636363636365,
      0.2222222222222222,
      0.2222222222222222
    ]
  },
  "model_config": {
    "text_dim": 512,
    "image_dim": 2048,
    "hidden_dim": 512,
    "n_heads": 8,
    "n_layers": 4,
    "dropout": 0.1
  }
}