{
  "final_metrics": {
    "accuracy": 0.45,
    "f1": 0.6206896551724138,
    "precision": 0.45,
    "recall": 1.0,
    "auc": 0.4388327721661055,
    "confusion_matrix": [
      [
        0,
        33
      ],
      [
        0,
        27
      ]
    ]
  },
  "training_history": {
    "train_losses": [
      3.3090213616689046,
      3.298243602116903,
      3.2872284650802612,
      3.4191372474034627,
      3.2105754057566327,
      3.006958015759786,
      2.7319950103759765,
      2.52532647450765,
      2.410064140955607,
      2.3246678193410237,
      2.2672355731328326,
      2.226570653915405,
      2.1717835028966266,
      2.1518757979075116,
      2.1417847792307536,
      2.1185916821161905,
      2.0674328366915384,
      2.123336911201477,
      2.0721404790878295,
      2.0553472598393756,
      2.038546852270762
    ],
    "val_losses": [
      0.690591923892498,
      0.6888555586338043,
      0.7103825360536575,
      0.690239891409874,
      0.6934954822063446,
      0.6861178278923035,
      0.7625300884246826,
      0.6862823814153671,
      0.6867519095540047,
      0.7090136036276817,
      0.6870086640119553,
      0.6861505284905434,
      0.7080383375287056,
      0.6861409693956375,
      0.6861577481031418,
      0.6861210092902184,
      0.7570138499140739,
      0.6862094700336456,
      0.6861195638775826,
      0.686675101518631,
      0.6871500611305237
    ],
    "train_f1s": [
      0.37894736842105264,
      0.42290748898678415,
      0.607773851590106,
      0.5743243243243243,
      0.6495176848874598,
      0.5725190839694656,
      0.5815602836879432,
      0.6776859504132231,
      0.5546875,
      0.6795580110497238,
      0.6777777777777778,
      0.6402266288951841,
      0.664804469273743,
      0.6666666666666666,
      0.6363636363636364,
      0.651685393258427,
      0.7027027027027027,
      0.6167146974063401,
      0.6440677966101694,
      0.6324786324786325,
      0.651685393258427
    ],
    "val_f1s": [
      0.6206896551724138,
      0.6206896551724138,
      0.6206896551724138,
      0.6206896551724138,
      0.0,
      0.6206896551724138,
      0.6206896551724138,
      0.6206896551724138,
      0.6206896551724138,
      0.6206896551724138,
      0.6206896551724138,
      0.6206896551724138,
      0.6206896551724138,
      0.6206896551724138,
      0.6206896551724138,
      0.6206896551724138,
      0.6206896551724138,
      0.6206896551724138,
      0.6206896551724138,
      0.6206896551724138,
      0.6206896551724138
    ]
  },
  "model_config": {
    "text_dim": 768,
    "image_dim": 2048,
    "hidden_dim": 512,
    "n_heads": 8,
    "n_layers": 4,
    "dropout": 0.2
  },
  "class_weights": [
    0.8196721076965332,
    1.2820513248443604
  ]
}