{
  "final_metrics": {
    "accuracy": 0.6,
    "f1": 0.5,
    "precision": 0.3333333333333333,
    "recall": 1.0,
    "auc": 0.75,
    "confusion_matrix": [
      [
        4,
        4
      ],
      [
        0,
        2
      ]
    ]
  },
  "training_history": {
    "train_losses": [
      1.0750320732593537,
      1.0992704510688782,
      1.0671421766281128,
      1.1105493187904358,
      1.0618123650550841,
      1.0512022137641908,
      1.0627474308013916,
      1.0637465834617614,
      1.064100456237793,
      1.0684555768966675,
      1.0626452803611754,
      1.071322774887085,
      1.0387228667736053,
      1.059719407558441,
      1.0601828694343567,
      1.0498102903366089,
      1.0742632627487183,
      1.073742687702179,
      1.0576858282089234,
      1.0500908195972443,
      1.0704436659812928,
      1.058933711051941,
      1.0552642881870269,
      1.0688617467880248,
      1.054138857126236,
      1.0444634437561036,
      1.0768731832504272,
      1.0604473233222962,
      1.0635836839675903,
      1.108176863193512,
      1.081371921300888,
      1.0503338158130646,
      1.0802801311016084,
      1.0720600724220275,
      1.0803828835487366,
      1.0622555196285248,
      1.0599950790405273,
      1.0684853434562682,
      1.0712645173072814,
      1.0514738798141479,
      1.0393652319908142,
      1.059116744995117,
      1.064524108171463
    ],
    "val_losses": [
      0.7106966972351074,
      0.7068305810292562,
      0.6968069275220236,
      0.7057705322901408,
      0.6929287910461426,
      0.7032533089319865,
      0.6988351543744405,
      0.7076621651649475,
      0.7164086302121481,
      0.7088465491930643,
      0.6999385754267374,
      0.6967917482058207,
      0.7079882820447286,
      0.6926977634429932,
      0.7188644806543986,
      0.7102898756663004,
      0.7149242758750916,
      0.7172808647155762,
      0.7168469429016113,
      0.698890765508016,
      0.714521606763204,
      0.703058123588562,
      0.7130869229634603,
      0.715230663617452,
      0.7140326301256815,
      0.6969543099403381,
      0.7017017404238383,
      0.7038616140683492,
      0.7080011963844299,
      0.6989068984985352,
      0.7016914884249369,
      0.7113534410794576,
      0.698464552561442,
      0.7125732898712158,
      0.7003816167513529,
      0.7044597864151001,
      0.7107319037119547,
      0.7214398582776388,
      0.7191768288612366,
      0.7085358500480652,
      0.7112676302591959,
      0.6891918182373047,
      0.6970378359158834
    ],
    "train_f1s": [
      0.5531914893617021,
      0.4090909090909091,
      0.5777777777777777,
      0.4897959183673469,
      0.4782608695652174,
      0.45454545454545453,
      0.5217391304347826,
      0.4888888888888889,
      0.5531914893617021,
      0.5306122448979592,
      0.4782608695652174,
      0.42857142857142855,
      0.5116279069767442,
      0.5333333333333333,
      0.5490196078431373,
      0.4888888888888889,
      0.5,
      0.5769230769230769,
      0.5490196078431373,
      0.5106382978723404,
      0.4888888888888889,
      0.5306122448979592,
      0.5652173913043478,
      0.5,
      0.5454545454545454,
      0.6086956521739131,
      0.4583333333333333,
      0.4186046511627907,
      0.5,
      0.375,
      0.40816326530612246,
      0.5833333333333334,
      0.5652173913043478,
      0.46808510638297873,
      0.425531914893617,
      0.5333333333333333,
      0.5106382978723404,
      0.4888888888888889,
      0.5333333333333333,
      0.5909090909090909,
      0.6382978723404256,
      0.45454545454545453,
      0.5
    ],
    "val_f1s": [
      0.36363636363636365,
      0.18181818181818182,
      0.5,
      0.25,
      0.5,
      0.25,
      0.36363636363636365,
      0.2222222222222222,
      0.2222222222222222,
      0.2,
      0.4444444444444444,
      0.2857142857142857,
      0.25,
      0.25,
      0.0,
      0.2222222222222222,
      0.2,
      0.18181818181818182,
      0.2222222222222222,
      0.25,
      0.2,
      0.0,
      0.2222222222222222,
      0.36363636363636365,
      0.25,
      0.4444444444444444,
      0.36363636363636365,
      0.4,
      0.3333333333333333,
      0.4444444444444444,
      0.25,
      0.25,
      0.4444444444444444,
      0.18181818181818182,
      0.2222222222222222,
      0.18181818181818182,
      0.4444444444444444,
      0.36363636363636365,
      0.3333333333333333,
      0.4444444444444444,
      0.36363636363636365,
      0.4444444444444444,
      0.4444444444444444
    ]
  },
  "model_config": {
    "text_dim": 768,
    "image_dim": 2048,
    "hidden_dim": 768,
    "n_heads": 12,
    "n_layers": 6,
    "dropout": 0.1
  }
}