{
  "final_metrics": {
    "accuracy": 0.7,
    "f1": 0.6666666666666666,
    "precision": 0.6,
    "recall": 0.75,
    "auc": 0.625,
    "confusion_matrix": [
      [
        4,
        2
      ],
      [
        1,
        3
      ]
    ]
  },
  "training_history": {
    "train_losses": [
      3.8950024843215942,
      3.8801931023597716,
      3.9039170145988464,
      3.9147922873497008,
      3.9099168300628664,
      3.894366705417633,
      3.8884352445602417,
      3.850781488418579,
      3.8979249358177186,
      3.8730194926261903,
      3.9213664650917055,
      3.917258310317993,
      3.8565129041671753,
      3.8865970253944395,
      3.9098601222038267,
      3.864583170413971,
      3.8799947023391725,
      3.9121267914772035,
      3.8638307452201843,
      3.902410566806793,
      3.8546568751335144,
      3.9373487710952757,
      3.862962019443512,
      3.8850760102272033,
      3.8786819219589233,
      3.8759554386138917,
      3.916438710689545,
      3.8930527329444886,
      3.8841338872909548,
      3.9100014686584474,
      3.9252562642097475,
      3.888301229476929,
      3.890245759487152,
      3.89751615524292,
      3.9359397888183594,
      3.8846734523773194,
      3.8722955226898192,
      3.891212785243988,
      3.9037212491035462,
      3.8952219486236572,
      3.945427882671356,
      3.873504614830017,
      3.9066593766212465,
      3.9131362318992613,
      3.916745293140411,
      3.8828583478927614,
      3.9104657411575316,
      3.8850894570350647
    ],
    "val_losses": [
      0.7293848991394043,
      0.6663054943084716,
      0.6240938663482666,
      0.7117660045623779,
      0.699810802936554,
      0.6989965915679932,
      0.7280328631401062,
      0.7066157817840576,
      0.7539090633392334,
      0.7000907063484192,
      0.7100491642951965,
      0.6623029828071594,
      0.7525878548622131,
      0.7161068916320801,
      0.7420852422714234,
      0.7004191637039184,
      0.6748013377189637,
      0.7034888982772827,
      0.6920175790786743,
      0.7413662791252136,
      0.6910127758979797,
      0.6395525217056275,
      0.6616705060005188,
      0.7083215475082397,
      0.7249528408050537,
      0.7216661810874939,
      0.6630772829055787,
      0.6708967208862304,
      0.7059000730514526,
      0.7352406263351441,
      0.6901763916015625,
      0.6534861207008362,
      0.6968217134475708,
      0.6860929369926453,
      0.7029433727264405,
      0.7141485214233398,
      0.6747619271278381,
      0.6769285678863526,
      0.7111175775527954,
      0.6698938250541687,
      0.6774071335792542,
      0.6854889512062072,
      0.7123857855796814,
      0.6995217084884644,
      0.7235277652740478,
      0.713525402545929,
      0.6559998869895936,
      0.7042577385902404
    ],
    "train_f1s": [
      0.48,
      0.34782608695652173,
      0.21052631578947367,
      0.1,
      0.2222222222222222,
      0.0,
      0.21052631578947367,
      0.3333333333333333,
      0.2,
      0.4,
      0.10526315789473684,
      0.3,
      0.38095238095238093,
      0.4,
      0.3157894736842105,
      0.3157894736842105,
      0.2727272727272727,
      0.3333333333333333,
      0.2857142857142857,
      0.11764705882352941,
      0.42105263157894735,
      0.09090909090909091,
      0.6428571428571429,
      0.38095238095238093,
      0.4,
      0.11764705882352941,
      0.19047619047619047,
      0.1,
      0.4,
      0.42857142857142855,
      0.17391304347826086,
      0.11764705882352941,
      0.38461538461538464,
      0.0,
      0.25,
      0.18181818181818182,
      0.4,
      0.34782608695652173,
      0.2727272727272727,
      0.0,
      0.08333333333333333,
      0.5714285714285714,
      0.3,
      0.2727272727272727,
      0.0,
      0.2857142857142857,
      0.10526315789473684,
      0.2962962962962963
    ],
    "val_f1s": [
      0.0,
      0.0,
      0.4,
      0.0,
      0.0,
      0.0,
      0.0,
      0.4444444444444444,
      0.0,
      0.0,
      0.0,
      0.5,
      0.0,
      0.3333333333333333,
      0.0,
      0.2857142857142857,
      0.0,
      0.2222222222222222,
      0.0,
      0.0,
      0.3333333333333333,
      0.0,
      0.4,
      0.0,
      0.0,
      0.25,
      0.3333333333333333,
      0.6666666666666666,
      0.3333333333333333,
      0.2857142857142857,
      0.0,
      0.5714285714285714,
      0.5714285714285714,
      0.0,
      0.3333333333333333,
      0.0,
      0.5714285714285714,
      0.25,
      0.2857142857142857,
      0.3333333333333333,
      0.2857142857142857,
      0.0,
      0.0,
      0.0,
      0.0,
      0.0,
      0.5714285714285714,
      0.0
    ]
  },
  "model_config": {
    "text_dim": 768,
    "image_dim": 2048,
    "hidden_dim": 768,
    "n_heads": 12,
    "n_layers": 6,
    "dropout": 0.1
  }
}