{
  "predictions": [
    0,
    0,
    0,
    0,
    0,
    0,
    0,
    0,
    0,
    0,
    0,
    0,
    0,
    0,
    0,
    0,
    0,
    0,
    0,
    0,
    0,
    0,
    0,
    0,
    0,
    0,
    0,
    0,
    0,
    0,
    0,
    0,
    0,
    0,
    0,
    0,
    0,
    0,
    0,
    0,
    0,
    0,
    0,
    0,
    0,
    0,
    0,
    0,
    0,
    0
  ],
  "labels": [
    0,
    0,
    0,
    0,
    0,
    0,
    0,
    1,
    1,
    1,
    1,
    1,
    0,
    1,
    1,
    0,
    0,
    1,
    0,
    0,
    0,
    0,
    0,
    0,
    0,
    1,
    1,
    1,
    0,
    0,
    1,
    0,
    1,
    0,
    0,
    0,
    0,
    1,
    0,
    0,
    0,
    0,
    1,
    0,
    0,
    0,
    1,
    1,
    1,
    1
  ],
  "confidence_scores": [
    0.7198981046676636,
    0.7198981046676636,
    0.7198981046676636,
    0.7198981046676636,
    0.7198981046676636,
    0.7198981046676636,
    0.7198981046676636,
    0.7198981046676636,
    0.7198981046676636,
    0.7198981046676636,
    0.7198981046676636,
    0.7198981046676636,
    0.7198981046676636,
    0.7198981046676636,
    0.7198981046676636,
    0.7198981046676636,
    0.7198981046676636,
    0.7198981046676636,
    0.7198981046676636,
    0.7198981046676636,
    0.7198981046676636,
    0.7198981046676636,
    0.7198981046676636,
    0.7198981046676636,
    0.7198981046676636,
    0.7198981046676636,
    0.7198981046676636,
    0.7198981046676636,
    0.7198981046676636,
    0.7198981046676636,
    0.7198981046676636,
    0.7198981046676636,
    0.7198981046676636,
    0.7198981046676636,
    0.7198981046676636,
    0.7198981046676636,
    0.7198981046676636,
    0.7198981046676636,
    0.7198981046676636,
    0.7198981046676636,
    0.7198981046676636,
    0.7198981046676636,
    0.7198981046676636,
    0.7198981046676636,
    0.7198981046676636,
    0.7198981046676636,
    0.7198981046676636,
    0.7198981046676636,
    0.7198981046676636,
    0.7198981046676636
  ],
  "accuracy": 0.62,
  "best_accuracy": 0.62,
  "total_samples": 50,
  "model_config": {
    "text_dim": 512,
    "image_dim": 2048,
    "hidden_dim": 512,
    "n_heads": 8,
    "n_layers": 4
  }
}