{
  "train_losses": [
    0.48178487220271066,
    0.029787202545611017,
    0.0016550007931073196,
    0.0005938923512241507,
    0.0005359134021008768
  ],
  "val_losses": [
    0.0019382322145822016,
    2.713703506024582e-06,
    8.015251362274668e-07,
    4.6873284537995414e-07,
    4.0324621714286254e-07
  ],
  "val_accuracies": [
    1.0,
    1.0,
    1.0,
    1.0,
    1.0
  ],
  "val_f1_scores": [
    1.0,
    1.0,
    1.0,
    1.0,
    1.0
  ],
  "best_f1": 1.0,
  "best_epoch": 0,
  "total_epochs": 5,
  "dataset": "chest_xray",
  "medical_task": "pneumonia_detection"
}